question,answer
"广西亿库光养硅藻环保科技有限公司主要是做什么的？","根据公开资料，广西亿库光养硅藻环保科技有限公司是一家集科、工、贸为一体的环保科技企业，重点方向是海洋硅藻新材料和新型功能环保建筑装饰板材。"
"广西亿库光养硅藻环保科技有限公司在哪里？","公开资料显示，公司位于广西北海海洋科创产业园区，生产基地与海洋新材料方向关联度较高。"
"这家公司是什么时候成立的？","公开招聘信息显示，广西亿库光养硅藻环保科技有限公司成立于 2020 年 8 月。"
"公司有生产基地吗？","有。公开报道提到，亿库海洋硅藻新材料生产基地已于 2024 年 8 月在北海海洋产业科技园区揭牌运营投产。"
"生产基地大概是什么规模？","公开报道提到，该海洋硅藻新材料生产基地项目总投资约 5.5 亿元，主要面向海洋硅藻新材料和功能型环保板材。"
"亿库硅藻板是什么类型的产品？","从公开介绍看，亿库硅藻板属于功能型环保板材，主打海洋硅藻新材料方向，可面向建筑装饰、家具、医院学校、船舶车辆等场景。"
"亿库硅藻板的核心卖点有哪些？","公开资料中常见的卖点包括绿色环保、净醛、防水、阻燃、防霉、防虫、抗菌、降噪吸音以及中远红外线相关功能。具体指标建议以最新检测报告为准。"
"亿库硅藻板适合做家装吗？","适合。公开资料和产品宣传中都提到，亿库硅藻板可用于室内装修、墙面、吊顶、家具等家装场景，尤其适合关注防潮和环保的项目。"
"亿库硅藻板适合沿海城市吗？","从公开宣传口径看，亿库海洋硅藻板就是围绕沿海高湿度、盐雾和白蚁等痛点来设计的，适合沿海住宅、海滨项目和防潮要求较高的空间。"
"亿库硅藻板能不能用于医院和学校？","可以。公开资料明确提到其应用场景覆盖医院和学校，这类场景通常更关注环保、抗菌、耐久和易维护。"
"亿库硅藻板能不能用于船舶和车辆？","可以。公司公开经营范围和应用说明中都提到船舶、车辆相关材料场景，说明这类高要求环境也是其重点方向之一。"
"亿库硅藻板能不能用于办公家具？","可以。公开资料中提到办公家具属于其应用范围之一，如果项目需要兼顾环保、防潮和稳定性，可以进一步按具体规格做方案匹配。"
"亿库硅藻板能不能用于无菌室？","公开资料中提到可用于无菌室等对洁净和材料稳定性要求较高的场景，但实际选型仍建议结合具体行业规范和项目要求。"
"亿库硅藻板能不能用于海滨码头或防潮设施？","公开资料中提到海滨码头防潮设施属于其适用范围，说明产品在高湿、靠海、易腐蚀环境下具备针对性应用价值。"
"亿库硅藻板能不能做地板或地面材料？","可以。公开经营信息中提到硅藻地板等产品方向，若是地面应用，建议进一步确认厚度、耐磨层和施工方式。"
"亿库硅藻板有没有防水能力？","公开资料把防水列为核心卖点之一，适合用于对潮湿较敏感的场景。不过不同产品结构和施工工艺会影响最终效果，建议以样板测试和项目方案为准。"
"亿库硅藻板有没有阻燃能力？","公开介绍中明确提到阻燃特性，但具体阻燃等级、测试标准和适用范围，建议以当前批次检测报告或项目资料为准。"
"亿库硅藻板能防霉吗？","公开资料把防霉列为产品特点之一，尤其适合南方高湿环境、厨房卫浴周边和沿海地区等容易返潮的场景。"
"亿库硅藻板能防潮吗？","从产品宣传和沿海应用场景来看，防潮是其重要卖点之一，适合对湿度控制和板材稳定性要求较高的项目。"
"亿库硅藻板防虫吗？","公开资料中提到防虫、防霉防虫等描述，适合对白蚁或虫蛀问题较敏感的使用环境。具体防护效果建议结合现场环境和配套做法评估。"
"亿库硅藻板有抗菌特点吗？","有。公开资料中提到抗菌和医院抗菌材料方向，因此比较适合关注卫生、洁净和健康属性的空间。"
"亿库硅藻板能净化甲醛吗？","公开资料中提到产品具备净醛或净化甲醛功能，但具体净化效率、持续时间和检测条件建议以正式检测报告为准。"
"亿库硅藻板有中远红外线功能吗？","公开资料提到产品具有中远红外线发射功能，这也是其区别于普通装饰板材的宣传点之一。"
"亿库硅藻板能降噪吸音吗？","公开产品介绍中提到降噪吸音，如果项目对隔音、回声控制或空间舒适性有要求，可以进一步沟通具体板型和结构做法。"
"亿库硅藻板耐酸碱吗？","公司公开经营方向中包含防水阻燃耐酸碱硅藻材料，说明其产品体系里有面向耐酸碱需求的方案。"
"亿库硅藻板适合厨房和卫浴吗？","从公开资料看，产品主打防潮、防霉、防水，理论上适合厨房、卫浴等易潮空间，但具体还要看板型、封边和施工细节。"
"亿库硅藻板适合冷冻或低温场景吗？","公开应用范围中提到冷冻用板，说明其产品体系考虑过低温相关场景，具体仍建议按项目温区和结构要求确认。"
"亿库硅藻板适合做墙面吗？","适合。公开宣传中明确提到墙面应用，尤其适合有防潮、环保、装饰一体化需求的空间。"
"亿库硅藻板适合做吊顶吗？","适合。公开宣传中提到吊顶场景，如果项目还需要吸音或防潮，可进一步匹配相应结构方案。"
"亿库硅藻板适合做定制家具吗？","适合。公开宣传提到橱柜、衣柜和办公家具等方向，说明其可以用于定制家具类项目。"
"亿库硅藻板能不能替代普通木板？","很多场景下可以作为替代思路，尤其是对防潮、环保、阻燃或抗菌要求更高的项目。但是否完全替代，还要看结构强度、成本、饰面和施工要求。"
"亿库硅藻板更适合家装还是工装？","两类都可以。公开资料里同时覆盖家装、医院、学校、船舶、车辆和海滨设施，所以既可以做家装，也可以做更偏工程化的项目。"
"亿库硅藻板适合南方回南天环境吗？","相对适合。因为公开资料一直强调其防潮、防霉和沿海高湿环境适用性，所以在南方潮湿地区会更有优势。"
"亿库硅藻板适合有白蚁困扰的地区吗？","从公开宣传内容看，产品面向沿海和高湿环境时把防虫、防白蚁相关痛点作为重要卖点之一，适合这类地区重点了解。"
"亿库硅藻板能做哪些产品系列？","根据公开资料，相关方向包括海洋硅藻新材料、防水阻燃耐酸碱硅藻材料、医院抗菌材料、硅藻地板、船舶车辆材料、硅藻复合过滤新材料等。"
"亿库硅藻板有没有专利和检测？","公开资料提到公司拥有国家专利证书，并经过国家权威部门检测鉴定。若项目要报审或投标，建议索取当前有效版本的专利和检测资料。"
"亿库硅藻板能做花色和饰面吗？","公开宣传中提到板材可贴面、雕刻或定制花色，所以在外观适配方面通常具备一定定制空间，具体要看项目要求和工艺选择。"
"亿库硅藻板适合做公共空间项目吗？","适合。医院、学校、办公、无菌室、码头设施等公开应用场景都偏公共空间，因此比较适合公共工程或商用空间咨询。"
"亿库硅藻板适合做康养和健康空间吗？","适合。因为其公开卖点围绕环保、净醛、抗菌和中远红外线等健康属性展开，比较适合康养、养老、健康家居类项目。"
"亿库硅藻板报价一般怎么核算？","这类产品的价格通常和板厚、规格、饰面、功能要求、采购数量、项目地点和配套工艺有关。若要准确报价，建议提供具体用途、面积和需求清单。"
"亿库硅藻板交期怎么看？","交期通常需要结合规格是否常规、数量大小、是否定制花色、是否需要配套加工以及发货地来确认。标准品和工程定制的周期一般会不同。"
"亿库硅藻板可以先拿样吗？","通常建议先做样板确认，尤其是医院、学校、家装整装和沿海工程类项目。这样更方便确认表面效果、结构和适配性。"
"如果客户是做医院项目，应该重点沟通什么？","建议优先确认项目使用区域、抗菌和环保要求、阻燃等级、清洁维护方式、是否需要提供检测资料，以及最终安装做法。"
"如果客户是做学校项目，应该重点沟通什么？","建议重点确认环保、安全、耐用、易清洁、阻燃、防潮和长期维护成本等要求，再匹配合适的板型和方案。"
"如果客户是做船舶或车辆项目，应该重点沟通什么？","建议先确认使用位置、耐潮耐腐蚀需求、结构强度、重量限制、安装方式和是否需要特定检测资料，这样更容易匹配产品方案。"
"如果客户是做沿海家装项目，应该重点推荐什么？","可以重点突出其针对高湿、盐雾、白蚁和霉变痛点的适配思路，同时结合防潮、防霉、防虫、环保和稳定性优势来介绍。"
"客户问亿库硅藻板和普通家具板有什么不同，怎么回答？","可以从功能性来回答：普通家具板更多关注基础承载和装饰，而亿库硅藻板公开资料里强调的是防潮、防水、阻燃、抗菌、净醛等复合功能。"
"客户问能不能做整体项目方案，怎么回答？","可以。建议客户提供项目类型、面积、使用区域、功能要求、预算范围和交付时间，便于进一步做产品匹配、打样和报价。"
"客户问有没有工程配套能力，怎么回答？","从公开资料看，公司具备研发、生产和贸易属性，适合承接材料类项目沟通。若是工程项目，建议进一步对接规格、数量、检测资料和交付需求。"
"客户问环保方面怎么判断，怎么回答？","可以说明产品公开卖点包含绿色环保和净醛方向，但最终环保结论应以当前检测报告、认证文件和实际送检结果为准。"
"客户问是否适合长期潮湿区域，怎么回答？","可以说明产品公开定位就是围绕防潮、防霉、防水和沿海环境适配展开，比较适合长期潮湿区域，但仍建议结合施工节点和现场维护方案综合评估。"
